{"cameraMode":{"drawMode":0,"name":"Shaded","section":"Shading Mode"},"sceneLighting":true,"audioPlay":false,"sceneViewState":{"showFog":true,"showMaterialUpdate":false,"showSkybox":true,"showFlares":true,"showImageEffects":true,"showParticleSystems":true},"in2DMode":false,"pivot":{"x":-0.4138564169406891,"y":0.8434412479400635,"z":-7.9301533699035648},"rotation":{"x":-0.15122775733470918,"y":0.0020730465184897186,"z":-0.0003157329047098756,"w":-0.9885044693946838},"size":3.45149302482605,"orthographic":false}